{"stats":{"minecraft:killed_by":{"enemyexpansion:starved":1,"born_in_chaos_v1:bonescaller":1,"enemyexpansion:scorpion":1,"minecraft:player":2,"minecraft:wither_skeleton":1,"alexsmobs:centipede_head":1,"alexscaves:magnetron":2,"alexscaves:teletor":2,"securitycraft:sentry":1,"endermanoverhaul:end_enderman":1,"twilightforest:kobold":2},"minecraft:mined":{"minecraft:white_bed":2,"minecraft:torch":1,"minecraft:grass_block":3,"minecraft:poppy":1,"ecologics:prickly_pear":1,"minecraft:oak_leaves":1},"minecraft:picked_up":{"born_in_chaos_v1:corpse_maggot":1,"minecraft:iron_chestplate":1,"minecraft:lilac":2,"ironchest:trapped_obsidian_chest":1,"tombstone:grave_key":2,"minecraft:dirt":2,"aether:diamond_gloves":1,"minecraft:iron_shovel":1,"minecraft:iron_ingot":6,"minecraft:written_book":1,"minecraft:poppy":1,"minecraft:iron_sword":2,"tombstone:scroll_of_lightning_resistance":1,"ecologics:prickly_pear":4,"minecraft:sand":35,"minecraft:white_bed":2,"alexsmobs:animal_dictionary":1,"cataclysm:void_eye":1,"minecraft:andesite_wall":1,"minecraft:rotten_flesh":1,"minecraft:diamond":1,"minecraft:beetroot_seeds":2,"cataclysm:mech_eye":1,"minecraft:saddle":2,"minecraft:bread":1,"tombstone:magic_scroll":1,"supplementaries:ash":1},"minecraft:killed":{"enemyexpansion:sprinter":1,"twilightforest:carminite_ghastling":2,"mutantmonsters:mutant_creeper":1},"minecraft:custom":{"minecraft:mob_kills":7,"minecraft:interact_with_crafting_table":1,"minecraft:damage_dealt_resisted":12,"minecraft:leave_game":3,"minecraft:time_since_death":1831,"minecraft:sleep_in_bed":3,"minecraft:climb_one_cm":814,"minecraft:time_since_rest":1592,"minecraft:sprint_one_cm":125634,"minecraft:damage_taken":4947,"minecraft:walk_one_cm":209227,"minecraft:trigger_trapped_chest":4,"minecraft:drop":32,"minecraft:damage_dealt":3134,"minecraft:fly_one_cm":824477,"minecraft:open_chest":5,"minecraft:crouch_one_cm":1392,"minecraft:play_time":87921,"tombstone:undead_killed":1,"minecraft:deaths":21,"minecraft:sneak_time":1480,"minecraft:walk_under_water_one_cm":94,"minecraft:jump":617,"minecraft:walk_on_water_one_cm":3837,"minecraft:total_world_time":87921,"minecraft:fall_one_cm":8226},"minecraft:dropped":{"minecraft:bread":1,"minecraft:iron_sword":1,"aether:golden_parachute":1,"minecraft:lilac":2,"alexsmobs:animal_dictionary":1,"minecraft:diamond":1,"minecraft:andesite_wall":1,"aether:book_of_lore":1,"supplementaries:ash":1,"tombstone:grave_key":13,"supplementaries:bomb_blue":1,"tombstone:scroll_of_lightning_resistance":1,"minecraft:sand":6,"minecraft:written_book":1},"minecraft:used":{"minecraft:water_bucket":2,"minecraft:netherite_sword":14,"cataclysm:mech_eye":9,"minecraft:poppy":1,"iceandfire:dragonbone_sword_ice":116,"minecraft:iron_sword":10,"minecraft:iron_chestplate":1,"minecraft:dirt":2,"minecraft:sand":7,"minecraft:white_bed":3,"ecologics:prickly_pear":1,"minecraft:axolotl_bucket":8,"iceandfire:dragonbone_sword_fire":100,"friendsandfoes:totem_of_illusion":1,"tombstone:magic_scroll":2,"ironchest:trapped_obsidian_chest":1,"minecraft:lilac":1,"friendsandfoes:totem_of_freezing":1,"supplementaries:bomb_blue":2,"minecraft:diamond_sword":27,"minecraft:written_book":1,"minecraft:bucket":5,"tombstone:gift":2,"minecraft:end_portal_frame":1,"alexsmobs:animal_dictionary":3}},"DataVersion":3465}