{"stats":{"minecraft:killed_by":{"enemyexpansion:starved":1,"born_in_chaos_v1:bonescaller":1,"securitycraft:sentry":1,"enemyexpansion:scorpion":1,"minecraft:player":2,"alexsmobs:centipede_head":1,"alexscaves:magnetron":2,"alexscaves:teletor":2,"twilightforest:kobold":2},"minecraft:mined":{"minecraft:white_bed":2,"minecraft:torch":1,"minecraft:grass_block":3,"minecraft:poppy":1,"minecraft:oak_leaves":1,"ecologics:prickly_pear":1},"minecraft:picked_up":{"born_in_chaos_v1:corpse_maggot":1,"minecraft:lilac":2,"ecologics:prickly_pear":4,"ironchest:trapped_obsidian_chest":1,"minecraft:sand":35,"tombstone:grave_key":2,"minecraft:white_bed":2,"minecraft:dirt":2,"alexsmobs:animal_dictionary":1,"cataclysm:void_eye":1,"minecraft:andesite_wall":1,"minecraft:iron_shovel":1,"minecraft:rotten_flesh":1,"minecraft:diamond":1,"cataclysm:mech_eye":1,"minecraft:written_book":1,"minecraft:poppy":1,"minecraft:bread":1,"supplementaries:ash":1,"minecraft:iron_sword":1},"minecraft:killed":{"twilightforest:carminite_ghastling":2,"enemyexpansion:sprinter":1,"mutantmonsters:mutant_creeper":1},"minecraft:dropped":{"minecraft:bread":1,"supplementaries:ash":1,"minecraft:lilac":2,"alexsmobs:animal_dictionary":1,"tombstone:grave_key":10,"minecraft:diamond":1,"supplementaries:bomb_blue":1,"minecraft:sand":6,"minecraft:written_book":1},"minecraft:custom":{"minecraft:time_since_rest":7935,"minecraft:damage_taken":4189,"minecraft:sprint_one_cm":117218,"minecraft:walk_one_cm":190004,"minecraft:trigger_trapped_chest":4,"minecraft:mob_kills":7,"minecraft:drop":24,"minecraft:damage_dealt":2520,"minecraft:interact_with_crafting_table":1,"minecraft:fly_one_cm":663518,"minecraft:open_chest":4,"minecraft:crouch_one_cm":1310,"minecraft:play_time":75921,"tombstone:undead_killed":1,"minecraft:deaths":18,"minecraft:sneak_time":1100,"minecraft:walk_under_water_one_cm":94,"minecraft:jump":575,"minecraft:damage_dealt_resisted":12,"minecraft:leave_game":3,"minecraft:time_since_death":8471,"minecraft:total_world_time":75921,"minecraft:walk_on_water_one_cm":3837,"minecraft:sleep_in_bed":3,"minecraft:climb_one_cm":814,"minecraft:fall_one_cm":7413},"minecraft:used":{"minecraft:netherite_sword":14,"minecraft:water_bucket":2,"iceandfire:dragonbone_sword_fire":100,"friendsandfoes:totem_of_illusion":1,"cataclysm:mech_eye":9,"minecraft:poppy":1,"iceandfire:dragonbone_sword_ice":116,"friendsandfoes:totem_of_freezing":1,"ironchest:trapped_obsidian_chest":1,"minecraft:lilac":1,"supplementaries:bomb_blue":2,"minecraft:sand":7,"minecraft:diamond_sword":27,"minecraft:dirt":2,"minecraft:written_book":1,"minecraft:white_bed":2,"tombstone:gift":2,"alexsmobs:animal_dictionary":3,"minecraft:bucket":5,"minecraft:end_portal_frame":1,"ecologics:prickly_pear":1,"minecraft:axolotl_bucket":8}},"DataVersion":3465}