{"stats":{"minecraft:custom":{"minecraft:mob_kills":10,"minecraft:interact_with_crafting_table":6,"minecraft:damage_dealt_resisted":30,"minecraft:interact_with_grindstone":1,"minecraft:leave_game":1,"minecraft:time_since_death":21940,"minecraft:sleep_in_bed":1,"minecraft:time_since_rest":15671,"minecraft:sprint_one_cm":44176,"minecraft:damage_taken":609,"minecraft:walk_one_cm":71566,"minecraft:drop":2,"minecraft:damage_dealt":1250,"minecraft:swim_one_cm":28116,"minecraft:fly_one_cm":64269,"minecraft:open_chest":19,"minecraft:crouch_one_cm":6681,"minecraft:play_time":30956,"tombstone:undead_killed":2,"minecraft:deaths":1,"minecraft:sneak_time":2383,"minecraft:walk_under_water_one_cm":6247,"minecraft:jump":375,"minecraft:walk_on_water_one_cm":5552,"minecraft:total_world_time":30956,"minecraft:fall_one_cm":5777},"minecraft:mined":{"luminousworld:savannah_soil":2,"minecraft:acacia_leaves":2,"minecraft:kelp_plant":1,"minecraft:crafting_table":2,"minecraft:acacia_log":15,"minecraft:tall_grass":1,"minecraft:sugar_cane":1,"placeablesmod:bread_full_block":1,"minecraft:hay_block":16,"minecraft:coal_ore":18,"minecraft:acacia_fence":2,"minecraft:acacia_door":1,"minecraft:stone":30},"minecraft:killed":{"born_in_chaos_v1:thornshell_crab":1,"born_in_chaos_v1:maggot":3,"born_in_chaos_v1:corpse_fly":4,"luminousworld:savannah_zombie":2},"minecraft:picked_up":{"born_in_chaos_v1:corpse_maggot":4,"minecraft:crafting_table":2,"minecraft:golden_leggings":1,"minecraft:lapis_lazuli":1,"minecraft:map":1,"minecraft:acacia_door":1,"minecraft:cooked_mutton":1,"minecraft:experience_bottle":3,"minecraft:apple":1,"minecraft:kelp":4,"iceandfire:bestiary":1,"minecraft:wheat_seeds":2,"minecraft:iron_ingot":4,"minecraft:rabbit":1,"minecraft:sugar_cane":2,"minecraft:acacia_sapling":2,"minecraft:stick":1,"minecraft:acacia_fence":1,"minecraft:acacia_log":15,"luminousworld:savannah_soil":2,"minecraft:stone_sword":1,"minecraft:rotten_flesh":1,"minecraft:hay_block":16,"minecraft:emerald":2,"born_in_chaos_v1:spiny_shell":4,"minecraft:gold_ingot":4,"minecraft:bread":1,"minecraft:coal":17,"minecraft:cobblestone":30},"minecraft:dropped":{"minecraft:apple":1,"iceandfire:bestiary":1},"minecraft:crafted":{"minecraft:crafting_table":1,"minecraft:wooden_pickaxe":1,"minecraft:stone_axe":1,"minecraft:stick":12,"minecraft:stone_pickaxe":1,"minecraft:acacia_door":3,"minecraft:acacia_planks":32,"minecraft:stone_hoe":1},"minecraft:killed_by":{"mutantmonsters:mutant_skeleton":1},"minecraft:used":{"minecraft:stone_sword":13,"minecraft:stone_pickaxe":36,"minecraft:wooden_pickaxe":12,"minecraft:stone_hoe":16,"minecraft:rotten_flesh":1,"minecraft:crafting_table":2,"minecraft:apple":2,"minecraft:acacia_door":2,"minecraft:bread":5,"minecraft:map":1,"minecraft:stone_axe":36,"luminousworld:savannah_soil":2,"minecraft:acacia_fence":1,"tombstone:gift":2,"alexsmobs:animal_dictionary":2,"minecraft:experience_bottle":3}},"DataVersion":3465}