{"stats":{"minecraft:dropped":{"minecraft:dirt":64},"minecraft:picked_up":{"minecraft:spruce_log":1},"minecraft:custom":{"minecraft:jump":11,"minecraft:time_since_rest":10819,"minecraft:leave_game":1,"minecraft:crouch_one_cm":210,"minecraft:sprint_one_cm":4373,"minecraft:play_time":10819,"minecraft:time_since_death":10819,"minecraft:walk_one_cm":3069,"minecraft:sneak_time":71,"minecraft:total_world_time":10819,"minecraft:drop":1,"minecraft:fly_one_cm":54534},"minecraft:crafted":{"minecraft:crafting_table":1,"minecraft:spruce_planks":4},"minecraft:used":{"minecraft:dirt":14},"minecraft:mined":{"minecraft:large_fern":3,"minecraft:spruce_log":1}},"DataVersion":3465}