{"stats":{"minecraft:killed_by":{"mutantmonsters:mutant_creeper":1,"twilightforest:knight_phantom":1,"mowziesmobs:umvuthana":1},"minecraft:mined":{"luminousworld:tall_deadbush":1,"minecraft:grass":7},"minecraft:picked_up":{"minecraft:wheat":6,"securitycraft:keypad_item":1,"supplementaries:bomb_blue":1,"minecraft:enchanted_book":1,"tombstone:grave_key":2,"alexscaves:azure_neodymium_ingot":1,"aether:diamond_gloves":1,"alexscaves:scarlet_neodymium_ingot":1,"minecraft:written_book":3,"minecraft:iron_pickaxe":1,"twilightforest:armor_shard":5,"tombstone:scroll_of_lightning_resistance":1,"minecraft:stick":1,"endrem:evil_eye":1,"minecraft:copper_ingot":2,"minecraft:torch":1,"minecraft:golden_chestplate":1,"tombstone:scroll_of_purification":1,"luminousworld:yellow_grassflowers":1,"born_in_chaos_v1:sea_terror_eye":1,"aether:golden_pendant":1,"minecraft:gold_ingot":10,"luminousworld:tall_deadbush":1,"eeeabsmobs:guling_eye":1,"minecraft:lilac":2,"securitycraft:sentry":6,"endrem:cryptic_eye":1,"minecraft:wheat_seeds":8,"minecraft:iron_ingot":9,"minecraft:iron_sword":3,"minecraft:book":6,"minecraft:sand":66,"eeeabsmobs:bloody_altar_eye":1,"cataclysm:flame_eye":1,"alexsmobs:animal_dictionary":1,"twilightforest:arctic_fur":1,"tombstone:magic_scroll":1},"minecraft:killed":{"twilightforest:alpha_yeti":1,"undead_revamp2:theimmortal":1,"luminousworld:swallowtail":1,"enemyexpansion:direwolf":1,"minecraft:shulker":1,"luminousworld:charaxes":1,"enemyexpansion:starved":1,"minecraft:piglin":1,"twilightforest:kobold":2,"minecraft:ender_dragon":1,"twilightforest:upper_goblin_knight":2,"twilightforest:knight_phantom":1,"twilightforest:lower_goblin_knight":2,"twilightforest:yeti":2},"minecraft:dropped":{"eeeabsmobs:guling_eye":1,"minecraft:diamond":1,"cataclysm:mech_eye":1,"born_in_chaos_v1:sea_terror_eye":1,"endrem:cryptic_eye":1,"tombstone:magic_scroll":1,"ironchest:trapped_obsidian_chest":1,"quark:foxhound_spawn_egg":1,"cataclysm:flame_eye":1,"minecraft:netherite_sword":1,"minecraft:blaze_powder":1,"aether:diamond_gloves":1,"cataclysm:void_eye":1,"eeeabsmobs:bloody_altar_eye":1,"minecraft:magma_cream":1},"minecraft:custom":{"minecraft:mob_kills":19,"minecraft:open_barrel":13,"minecraft:leave_game":1,"minecraft:time_since_death":4056,"minecraft:climb_one_cm":386,"minecraft:damage_resisted":197,"minecraft:sprint_one_cm":90826,"minecraft:walk_one_cm":220945,"minecraft:drop":15,"minecraft:damage_dealt_absorbed":370,"minecraft:play_time":122506,"minecraft:deaths":7,"minecraft:sneak_time":4936,"minecraft:walk_under_water_one_cm":3982,"minecraft:jump":700,"minecraft:interact_with_brewingstand":1,"tombstone:kill_undead_boss":1,"minecraft:walk_on_water_one_cm":3227,"minecraft:total_world_time":122506,"minecraft:time_since_rest":3174,"minecraft:damage_taken":1578,"minecraft:damage_absorbed":374,"minecraft:trigger_trapped_chest":2,"minecraft:damage_dealt":5946,"tombstone:cast_on_ally":1,"minecraft:player_kills":2,"minecraft:fly_one_cm":2404178,"minecraft:open_chest":14,"minecraft:crouch_one_cm":5734,"tombstone:undead_killed":3,"minecraft:aviate_one_cm":3315,"minecraft:fall_one_cm":8917},"minecraft:used":{"minecraft:netherite_sword":15,"alexscaves:hologram_projector":3,"minecraft:flint_and_steel":2,"minecraft:poppy":12,"minecraft:chest":1,"minecraft:shield":2,"cataclysm:coral_bardiche":8,"minecraft:iron_sword":4,"securitycraft:keypad_door_item":1,"mutantmonsters:mutant_skeleton_spawn_egg":1,"ironchest:trapped_dirt_chest":1,"alexscaves:spawn_egg_magnetron":1,"minecraft:torch":27,"alexsmobs:spawn_egg_bone_serpent":1,"bettermobs:capivara_spawn_egg":1,"securitycraft:keypad_item":1,"endrem:cursed_eye":1,"alexscaves:scarlet_magnet":1,"tombstone:scroll_of_aquatic_life":2,"endrem:old_eye":2,"eeeabsmobs:guardian_axe":5,"alexscaves:spawn_egg_teletor":1,"minecraft:milk_bucket":1,"minecraft:obsidian":29,"mutantmonsters:mutant_creeper_spawn_egg":2,"mutantmonsters:spider_pig_spawn_egg":1,"endrem:guardian_eye":1,"minecraft:grass_block":14,"alexsmobs:spawn_egg_grizzly_bear":2,"stalwart_dungeons:chorundum_sword":6,"mutantmonsters:mutant_enderman_spawn_egg":1,"mutantmonsters:creeper_minion_spawn_egg":1,"quark:redstone_randomizer":1,"elevatorid:elevator_red":3,"securitycraft:sentry":7,"cataclysm:abyss_eye":7,"minecraft:glowstone":14,"torchmaster:feral_flare_lantern":6,"endrem:wither_eye":1,"minecraft:written_book":2,"alexscaves:azure_magnet":2,"alexsmobs:spawn_egg_seagull":1,"naturalist:teddy_bear":1,"iceandfire:pixie_jar_1":1,"tombstone:gift":4,"torchmaster:megatorch":1,"minecraft:enchanted_golden_apple":4,"alexscaves:quarry_smasher":2,"alexsmobs:spawn_egg_raccoon":1,"minecraft:water_bucket":5,"quark:foxhound_spawn_egg":1,"cataclysm:mech_eye":1,"cataclysm:desert_eye":7,"furnitura:crimson_chair":3,"cataclysm:khopesh":10,"endrem:cold_eye":2,"alexscaves:scarlet_neodymium_pillar":48,"stalwart_dungeons:netherite_hammer":5,"endrem:undead_eye":1,"luminousworld:yellow_grassflowers":1,"furnitura:birch_log_shelf":3,"furnitura:spruce_park_bench":5,"alexsmobs:spawn_egg_capuchin_monkey":3,"minecraft:sand":1,"alexsmobs:spawn_egg_gelada_monkey":3,"ad_astra:strophar_door":1,"endrem:evil_eye":62,"minecraft:book":8,"alexsmobs:spawn_egg_kangaroo":1,"endrem:corrupted_eye":1,"eeeabsmobs:guling_eye":1,"securitycraft:reinforced_glowstone":8,"endrem:rogue_eye":1,"torchmaster:dreadlamp":1,"furnitura:wooden_couch_single_gray":4,"tombstone:magic_scroll":2,"minecraft:leather_helmet":1,"quark:flamerang":5,"alexscaves:spawn_egg_boundroid":1,"mutantmonsters:mutant_snow_golem_spawn_egg":1,"ironchest:trapped_obsidian_chest":3,"deeperdarker:stripped_echo_log":10,"alexscaves:galena_pillar":43,"mutantmonsters:mutant_zombie_spawn_egg":1,"minecraft:potion":1,"aether:golden_parachute":9,"quark:crafter":1,"alexsmobs:animal_dictionary":1,"alexscaves:magnetic_light":4,"alexscaves:quarry":6,"endrem:nether_eye":1}},"DataVersion":3465}