{"stats":{"minecraft:killed_by":{"twilightforest:knight_phantom":1,"mowziesmobs:umvuthana":1,"mutantmonsters:mutant_creeper":1},"minecraft:mined":{"luminousworld:tall_deadbush":1,"minecraft:grass":7},"minecraft:picked_up":{"eeeabsmobs:guling_eye":1,"minecraft:wheat":6,"minecraft:lilac":2,"securitycraft:keypad_item":1,"supplementaries:bomb_blue":1,"tombstone:grave_key":1,"alexscaves:azure_neodymium_ingot":1,"securitycraft:sentry":6,"endrem:cryptic_eye":1,"alexscaves:scarlet_neodymium_ingot":1,"minecraft:wheat_seeds":8,"minecraft:written_book":3,"minecraft:iron_pickaxe":1,"twilightforest:armor_shard":5,"minecraft:book":6,"endrem:evil_eye":1,"minecraft:stick":1,"minecraft:copper_ingot":2,"minecraft:torch":1,"minecraft:sand":66,"eeeabsmobs:bloody_altar_eye":1,"alexsmobs:animal_dictionary":1,"cataclysm:flame_eye":1,"minecraft:golden_chestplate":1,"tombstone:scroll_of_purification":1,"luminousworld:yellow_grassflowers":1,"born_in_chaos_v1:sea_terror_eye":1,"aether:golden_pendant":1,"twilightforest:arctic_fur":1,"luminousworld:tall_deadbush":1},"minecraft:custom":{"minecraft:mob_kills":18,"minecraft:open_barrel":13,"minecraft:leave_game":1,"minecraft:time_since_death":25886,"minecraft:climb_one_cm":386,"minecraft:damage_resisted":197,"minecraft:time_since_rest":25502,"minecraft:sprint_one_cm":85986,"minecraft:walk_one_cm":201681,"minecraft:damage_taken":1468,"minecraft:damage_absorbed":374,"minecraft:trigger_trapped_chest":2,"minecraft:drop":13,"minecraft:damage_dealt":5692,"minecraft:damage_dealt_absorbed":370,"minecraft:fly_one_cm":2241559,"minecraft:player_kills":2,"minecraft:open_chest":11,"minecraft:crouch_one_cm":4586,"minecraft:play_time":110506,"tombstone:undead_killed":3,"minecraft:deaths":6,"minecraft:sneak_time":4333,"minecraft:walk_under_water_one_cm":3982,"minecraft:aviate_one_cm":3315,"minecraft:jump":636,"tombstone:kill_undead_boss":1,"minecraft:walk_on_water_one_cm":3139,"minecraft:total_world_time":110506,"minecraft:fall_one_cm":8164},"minecraft:dropped":{"cataclysm:flame_eye":1,"eeeabsmobs:guling_eye":1,"minecraft:diamond":1,"minecraft:netherite_sword":1,"cataclysm:mech_eye":1,"minecraft:blaze_powder":1,"born_in_chaos_v1:sea_terror_eye":1,"endrem:cryptic_eye":1,"cataclysm:void_eye":1,"minecraft:magma_cream":1,"eeeabsmobs:bloody_altar_eye":1,"ironchest:trapped_obsidian_chest":1,"quark:foxhound_spawn_egg":1},"minecraft:killed":{"enemyexpansion:starved":1,"minecraft:piglin":1,"twilightforest:alpha_yeti":1,"undead_revamp2:theimmortal":1,"luminousworld:swallowtail":1,"minecraft:ender_dragon":1,"twilightforest:kobold":2,"enemyexpansion:direwolf":1,"twilightforest:upper_goblin_knight":2,"twilightforest:knight_phantom":1,"twilightforest:lower_goblin_knight":2,"luminousworld:charaxes":1,"twilightforest:yeti":2},"minecraft:used":{"alexscaves:quarry_smasher":2,"minecraft:netherite_sword":15,"alexsmobs:spawn_egg_raccoon":1,"minecraft:water_bucket":4,"quark:foxhound_spawn_egg":1,"alexscaves:hologram_projector":3,"minecraft:flint_and_steel":2,"cataclysm:mech_eye":1,"cataclysm:desert_eye":7,"furnitura:crimson_chair":3,"minecraft:poppy":12,"minecraft:chest":1,"alexscaves:scarlet_neodymium_pillar":48,"cataclysm:khopesh":10,"endrem:cold_eye":2,"stalwart_dungeons:netherite_hammer":5,"minecraft:shield":2,"cataclysm:coral_bardiche":8,"endrem:undead_eye":1,"securitycraft:keypad_door_item":1,"mutantmonsters:mutant_skeleton_spawn_egg":1,"luminousworld:yellow_grassflowers":1,"furnitura:birch_log_shelf":3,"ironchest:trapped_dirt_chest":1,"alexscaves:spawn_egg_magnetron":1,"minecraft:torch":27,"furnitura:spruce_park_bench":5,"alexsmobs:spawn_egg_bone_serpent":1,"alexsmobs:spawn_egg_capuchin_monkey":3,"minecraft:sand":1,"bettermobs:capivara_spawn_egg":1,"ad_astra:strophar_door":1,"alexsmobs:spawn_egg_gelada_monkey":3,"endrem:cursed_eye":1,"securitycraft:keypad_item":1,"endrem:evil_eye":62,"alexscaves:scarlet_magnet":1,"endrem:old_eye":2,"eeeabsmobs:guardian_axe":5,"minecraft:book":8,"alexscaves:spawn_egg_teletor":1,"alexsmobs:spawn_egg_kangaroo":1,"minecraft:milk_bucket":1,"minecraft:obsidian":29,"eeeabsmobs:guling_eye":1,"endrem:corrupted_eye":1,"endrem:rogue_eye":1,"mutantmonsters:mutant_creeper_spawn_egg":2,"mutantmonsters:spider_pig_spawn_egg":1,"torchmaster:dreadlamp":1,"endrem:guardian_eye":1,"minecraft:grass_block":14,"alexsmobs:spawn_egg_grizzly_bear":2,"furnitura:wooden_couch_single_gray":4,"stalwart_dungeons:chorundum_sword":6,"mutantmonsters:mutant_enderman_spawn_egg":1,"mutantmonsters:creeper_minion_spawn_egg":1,"minecraft:leather_helmet":1,"quark:flamerang":5,"mutantmonsters:mutant_snow_golem_spawn_egg":1,"ironchest:trapped_obsidian_chest":3,"alexscaves:spawn_egg_boundroid":1,"elevatorid:elevator_red":3,"deeperdarker:stripped_echo_log":10,"securitycraft:sentry":7,"alexscaves:galena_pillar":43,"cataclysm:abyss_eye":7,"mutantmonsters:mutant_zombie_spawn_egg":1,"torchmaster:feral_flare_lantern":6,"endrem:wither_eye":1,"minecraft:written_book":2,"alexscaves:azure_magnet":2,"alexsmobs:spawn_egg_seagull":1,"iceandfire:pixie_jar_1":1,"naturalist:teddy_bear":1,"torchmaster:megatorch":1,"tombstone:gift":4,"alexscaves:magnetic_light":4,"alexsmobs:animal_dictionary":1,"alexscaves:quarry":6,"minecraft:enchanted_golden_apple":4,"endrem:nether_eye":1}},"DataVersion":3465}