{"stats":{"minecraft:custom":{"minecraft:time_since_rest":3671,"minecraft:sprint_one_cm":28098,"minecraft:damage_taken":480,"minecraft:walk_one_cm":36247,"minecraft:mob_kills":1,"minecraft:damage_dealt":249,"minecraft:interact_with_crafting_table":5,"minecraft:swim_one_cm":28116,"minecraft:fly_one_cm":52049,"minecraft:open_chest":8,"minecraft:crouch_one_cm":3282,"minecraft:play_time":18956,"minecraft:deaths":1,"minecraft:sneak_time":1553,"minecraft:walk_under_water_one_cm":6247,"minecraft:jump":264,"minecraft:time_since_death":9940,"minecraft:leave_game":1,"minecraft:walk_on_water_one_cm":5552,"minecraft:sleep_in_bed":1,"minecraft:total_world_time":18956,"minecraft:fall_one_cm":3441},"minecraft:mined":{"luminousworld:savannah_soil":2,"minecraft:acacia_leaves":2,"minecraft:kelp_plant":1,"minecraft:crafting_table":1,"minecraft:acacia_log":15,"minecraft:coal_ore":18,"minecraft:acacia_door":1,"minecraft:tall_grass":1,"minecraft:stone":30,"minecraft:sugar_cane":1,"placeablesmod:bread_full_block":1},"minecraft:killed":{"born_in_chaos_v1:thornshell_crab":1},"minecraft:picked_up":{"minecraft:stick":1,"minecraft:crafting_table":1,"minecraft:acacia_log":15,"luminousworld:savannah_soil":2,"minecraft:map":1,"minecraft:acacia_door":1,"minecraft:kelp":4,"minecraft:bread":1,"minecraft:gold_ingot":1,"minecraft:iron_ingot":1,"born_in_chaos_v1:spiny_shell":4,"minecraft:emerald":1,"minecraft:sugar_cane":2,"minecraft:coal":17,"minecraft:acacia_sapling":2,"minecraft:cobblestone":30},"minecraft:crafted":{"minecraft:crafting_table":1,"minecraft:stick":12,"minecraft:wooden_pickaxe":1,"minecraft:stone_pickaxe":1,"minecraft:acacia_door":3,"minecraft:acacia_planks":32,"minecraft:stone_axe":1},"minecraft:killed_by":{"mutantmonsters:mutant_skeleton":1},"minecraft:used":{"minecraft:acacia_door":2,"minecraft:bread":2,"minecraft:stone_pickaxe":36,"minecraft:map":1,"minecraft:wooden_pickaxe":12,"minecraft:rotten_flesh":1,"minecraft:stone_axe":14,"luminousworld:savannah_soil":2,"minecraft:crafting_table":1,"tombstone:gift":2,"alexsmobs:animal_dictionary":2}},"DataVersion":3465}