{
  "iceandfire:iceandfire/root": {
    "criteria": {
      "tick": "2024-09-03 06:22:51 +0000"
    },
    "done": true
  },
  "takesapillage:root": {
    "criteria": {
      "always": "2024-09-03 06:22:51 +0000"
    },
    "done": true
  },
  "explorerscompass:explorers_compass_cracked_stone_bricks": {
    "criteria": {
      "has_recipe": "2024-09-03 06:22:51 +0000"
    },
    "done": true
  },
  "dungeons_arise:wda_root": {
    "criteria": {
      "WDA": "2024-09-03 06:22:51 +0000"
    },
    "done": true
  },
  "undead_revamp2:theundeadchallenges": {
    "criteria": {
      "theundeadchallenges": "2024-09-03 06:22:51 +0000"
    },
    "done": true
  },
  "friendsandfoes:misc/yellow_dye_from_buttercup": {
    "criteria": {
      "has_the_recipe": "2024-09-03 06:22:51 +0000"
    },
    "done": true
  },
  "naturescompass:natures_compass_log": {
    "criteria": {
      "has_recipe": "2024-09-03 06:22:51 +0000"
    },
    "done": true
  },
  "naturescompass:natures_compass": {
    "criteria": {
      "has_recipe": "2024-09-03 06:22:51 +0000"
    },
    "done": true
  },
  "naturescompass:natures_compass_sapling": {
    "criteria": {
      "has_recipe": "2024-09-03 06:22:51 +0000"
    },
    "done": true
  },
  "mowziesmobs:root": {
    "criteria": {
      "custom_test_name": "2024-09-03 06:22:51 +0000"
    },
    "done": true
  },
  "betterdungeons:root": {
    "criteria": {
      "always": "2024-09-03 06:22:51 +0000"
    },
    "done": true
  },
  "placeablesmod:placeables": {
    "criteria": {
      "placeables": "2024-09-03 06:22:51 +0000"
    },
    "done": true
  },
  "explorerscompass:explorers_compass_cobweb": {
    "criteria": {
      "has_recipe": "2024-09-03 06:22:51 +0000"
    },
    "done": true
  },
  "eeeabsmobs:eeeabsmobs/root": {
    "criteria": {
      "requirement": "2024-09-03 06:22:51 +0000"
    },
    "done": true
  },
  "betterdeserttemples:root": {
    "criteria": {
      "always": "2024-09-03 06:22:51 +0000"
    },
    "done": true
  },
  "cataclysm:root": {
    "criteria": {
      "custom_test_name": "2024-09-03 06:22:51 +0000"
    },
    "done": true
  },
  "incendium:technical/new_player": {
    "criteria": {
      "requirement": "2024-09-03 06:22:51 +0000"
    },
    "done": true
  },
  "explorerscompass:explorers_compass": {
    "criteria": {
      "has_recipe": "2024-09-03 06:22:51 +0000"
    },
    "done": true
  },
  "incendium:technical/scroll_of_returning": {
    "criteria": {
      "log_spam_fixer": "2024-09-03 06:22:55 +0000"
    },
    "done": false
  },
  "incendium:technical/using/ragnarok": {
    "criteria": {
      "log_spam_fixer": "2024-09-03 06:22:55 +0000"
    },
    "done": false
  },
  "incendium:technical/using/trailblazer": {
    "criteria": {
      "log_spam_fixer": "2024-09-03 06:22:55 +0000"
    },
    "done": false
  },
  "minecraft:adventure/adventuring_time": {
    "criteria": {
      "minecraft:snowy_slopes": "2024-09-03 07:50:55 +0000",
      "minecraft:savanna_plateau": "2024-09-03 06:49:43 +0000",
      "minecraft:beach": "2024-09-03 06:25:56 +0000",
      "minecraft:stony_peaks": "2024-09-03 06:48:41 +0000",
      "minecraft:mangrove_swamp": "2024-09-03 07:11:04 +0000",
      "minecraft:sparse_jungle": "2024-09-03 07:45:46 +0000",
      "minecraft:river": "2024-09-03 06:24:54 +0000",
      "minecraft:forest": "2024-09-03 06:22:55 +0000",
      "minecraft:desert": "2024-09-03 06:57:07 +0000",
      "minecraft:savanna": "2024-09-03 06:26:01 +0000",
      "minecraft:plains": "2024-09-03 06:24:59 +0000"
    },
    "done": false
  },
  "incendium:technical/using/shield": {
    "criteria": {
      "log_spam_fixer": "2024-09-03 06:22:55 +0000"
    },
    "done": false
  },
  "tombstone:adventure/root": {
    "criteria": {
      "auto": "2024-09-03 06:22:55 +0000"
    },
    "done": true
  },
  "alexsmobs:alexsmobs/root": {
    "criteria": {
      "useitem": "2024-09-03 06:23:38 +0000"
    },
    "done": true
  },
  "minecraft:husbandry/root": {
    "criteria": {
      "consumed_item": "2024-09-03 06:23:38 +0000"
    },
    "done": true
  },
  "dungeons_arise:find_heavenly_challenger": {
    "criteria": {
      "location0": "2024-09-03 06:25:04 +0000"
    },
    "done": true
  },
  "mutantmonsters:root": {
    "criteria": {
      "killed_something": "2024-09-03 06:27:20 +0000"
    },
    "done": true
  },
  "minecraft:adventure/root": {
    "criteria": {
      "killed_something": "2024-09-03 06:27:20 +0000"
    },
    "done": true
  },
  "iceandfire:iceandfire/jar_pixie": {
    "criteria": {
      "jar": "2024-09-03 06:29:21 +0000"
    },
    "done": true
  },
  "placeablesmod:librarian": {
    "criteria": {
      "librarian": "2024-09-03 06:30:34 +0000"
    },
    "done": true
  },
  "tombstone:adventure/first_grave": {
    "criteria": {
      "coded_trigger": "2024-09-03 06:32:37 +0000"
    },
    "done": true
  },
  "tombstone:recipes/from_grave_key": {
    "criteria": {
      "has_ingredient": "2024-09-03 06:32:39 +0000"
    },
    "done": true
  },
  "supplementaries:adventure/way_sign": {
    "criteria": {
      "bastion": "2024-09-03 06:33:12 +0000"
    },
    "done": true
  },
  "tombstone:adventure/easy_opening": {
    "criteria": {
      "coded_trigger": "2024-09-03 06:33:23 +0000"
    },
    "done": true
  },
  "tombstone:recipes/from_grave_dust": {
    "criteria": {
      "has_ingredient": "2024-09-03 06:33:26 +0000"
    },
    "done": true
  },
  "tombstone:adventure/cancel_ghostly_shape": {
    "criteria": {
      "coded_trigger": "2024-09-03 06:36:42 +0000"
    },
    "done": true
  },
  "tombstone:adventure/first_knowledge": {
    "criteria": {
      "coded_trigger": "2024-09-03 06:36:42 +0000"
    },
    "done": true
  },
  "minecraft:story/form_obsidian": {
    "criteria": {
      "obsidian": "2024-09-03 06:40:25 +0000"
    },
    "done": true
  },
  "minecraft:nether/explore_nether": {
    "criteria": {
      "minecraft:soul_sand_valley": "2024-09-03 06:47:43 +0000",
      "minecraft:basalt_deltas": "2024-09-03 06:41:00 +0000"
    },
    "done": false
  },
  "incendium:root": {
    "criteria": {
      "requirement": "2024-09-03 06:41:00 +0000"
    },
    "done": true
  },
  "minecraft:nether/root": {
    "criteria": {
      "entered_nether": "2024-09-03 06:41:00 +0000"
    },
    "done": true
  },
  "minecraft:story/enter_the_nether": {
    "criteria": {
      "entered_nether": "2024-09-03 06:41:00 +0000"
    },
    "done": true
  },
  "minecraft:nether/obtain_blaze_rod": {
    "criteria": {
      "blaze_rod": "2024-09-03 06:41:48 +0000"
    },
    "done": true
  },
  "alexsmobs:alexsmobs/straddler": {
    "criteria": {
      "killed_by": "2024-09-03 06:42:35 +0000"
    },
    "done": true
  },
  "incendium:toxic_heap/nuclear_fusion": {
    "criteria": {
      "incendium:treasure": "2024-09-03 06:43:04 +0000"
    },
    "done": true
  },
  "incendium:toxic_heap/mystic_wisdom": {
    "criteria": {
      "waste": "2024-09-03 06:43:37 +0000",
      "junk": "2024-09-03 06:43:45 +0000",
      "treasure": "2024-09-03 06:43:04 +0000"
    },
    "done": false
  },
  "minecraft:nether/obtain_crying_obsidian": {
    "criteria": {
      "crying_obsidian": "2024-09-03 06:43:19 +0000"
    },
    "done": true
  },
  "incendium:misc/root": {
    "criteria": {
      "incendium:volcanic_deltas": "2024-09-03 06:44:59 +0000"
    },
    "done": true
  },
  "incendium:misc/soul_searcher": {
    "criteria": {
      "incendium:ash_barrens": "2024-09-03 06:46:22 +0000",
      "incendium:volcanic_deltas": "2024-09-03 06:44:59 +0000"
    },
    "done": false
  },
  "incendium:volcanic_deltas/root": {
    "criteria": {
      "incendium:volcanic_deltas": "2024-09-03 06:44:59 +0000"
    },
    "done": true
  },
  "minecraft:husbandry/balanced_diet": {
    "criteria": {
      "enchanted_golden_apple": "2024-09-03 06:45:29 +0000"
    },
    "done": false
  },
  "minecraft:nether/find_bastion": {
    "criteria": {
      "bastion": "2024-09-03 06:46:06 +0000"
    },
    "done": true
  },
  "incendium:ash_barrens/root": {
    "criteria": {
      "requirement": "2024-09-03 06:46:22 +0000"
    },
    "done": true
  },
  "minecraft:adventure/kill_all_mobs": {
    "criteria": {
      "minecraft:ender_dragon": "2024-09-03 08:16:20 +0000",
      "minecraft:shulker": "2024-09-03 08:22:13 +0000",
      "minecraft:piglin": "2024-09-03 06:46:57 +0000"
    },
    "done": false
  },
  "minecraft:adventure/kill_a_mob": {
    "criteria": {
      "minecraft:piglin": "2024-09-03 06:46:57 +0000"
    },
    "done": true
  },
  "minecraft:story/iron_tools": {
    "criteria": {
      "iron_pickaxe": "2024-09-03 06:46:58 +0000"
    },
    "done": true
  },
  "quark:throw_pickarang": {
    "criteria": {
      "throw_pickarang": "2024-09-03 06:48:15 +0000"
    },
    "done": true
  },
  "alexscaves:alexscaves/quarry": {
    "criteria": {
      "quarry": "2024-09-03 06:55:23 +0000"
    },
    "done": true
  },
  "alexscaves:alexscaves/neodymium_ingot": {
    "criteria": {
      "scarlet": "2024-09-03 06:55:38 +0000"
    },
    "done": true
  },
  "alexscaves:alexscaves/magnet": {
    "criteria": {
      "azure": "2024-09-03 06:55:56 +0000"
    },
    "done": true
  },
  "alexscaves:alexscaves/hologram_projector": {
    "criteria": {
      "hologram_projector": "2024-09-03 06:58:36 +0000"
    },
    "done": true
  },
  "alexsmobs:alexsmobs/grizzly_bear": {
    "criteria": {
      "interact": "2024-09-03 06:59:32 +0000"
    },
    "done": true
  },
  "alexscaves:alexscaves/resistor_shield": {
    "criteria": {
      "resistor_shield": "2024-09-03 07:00:42 +0000"
    },
    "done": true
  },
  "tombstone:recipes/from_impregnated_diamond": {
    "criteria": {
      "has_ingredient": "2024-09-03 07:11:28 +0000"
    },
    "done": true
  },
  "minecraft:story/mine_diamond": {
    "criteria": {
      "diamond": "2024-09-03 07:11:31 +0000"
    },
    "done": true
  },
  "twilightforest:root": {
    "criteria": {
      "in_tf": "2024-09-03 07:12:25 +0000"
    },
    "done": true
  },
  "twilightforest:twilight_hunter": {
    "criteria": {
      "kobold": "2024-09-03 07:25:03 +0000"
    },
    "done": true
  },
  "twilightforest:progress_yeti": {
    "criteria": {
      "fur": "2024-09-03 07:29:03 +0000",
      "yeti": "2024-09-03 07:28:51 +0000",
      "trophy": "2024-09-03 07:29:02 +0000",
      "was_in_fight": "2024-09-03 07:28:51 +0000"
    },
    "done": false
  },
  "tombstone:adventure/strong_undead": {
    "criteria": {
      "coded_trigger": "2024-09-03 07:33:26 +0000"
    },
    "done": true
  },
  "tombstone:adventure/create_magic_scroll": {
    "criteria": {
      "has_magic_scroll": "2024-09-03 07:33:26 +0000"
    },
    "done": true
  },
  "minecraft:story/follow_ender_eye": {
    "criteria": {
      "in_stronghold_betterstrongholds": "2024-09-03 07:37:10 +0000"
    },
    "done": true
  },
  "endrem:main/eyes_recipe": {
    "criteria": {
      "eyes": "2024-09-03 07:39:07 +0000"
    },
    "done": true
  },
  "endrem:main/cryptic_eye": {
    "criteria": {
      "cryptic_eye": "2024-09-03 07:40:01 +0000"
    },
    "done": true
  },
  "endrem:main/root": {
    "criteria": {
      "cryptic_eye": "2024-09-03 07:40:01 +0000"
    },
    "done": true
  },
  "endrem:main/corrupted_eye": {
    "criteria": {
      "corrupted_eye": "2024-09-03 07:40:55 +0000"
    },
    "done": true
  },
  "endrem:main/lost_eye": {
    "criteria": {
      "lost_eye": "2024-09-03 07:40:55 +0000"
    },
    "done": true
  },
  "endrem:main/black_eye": {
    "criteria": {
      "black_eye": "2024-09-03 07:40:56 +0000"
    },
    "done": true
  },
  "endrem:main/cold_eye": {
    "criteria": {
      "cold_eye": "2024-09-03 07:40:56 +0000"
    },
    "done": true
  },
  "endrem:main/nether_eye": {
    "criteria": {
      "nether_eye": "2024-09-03 07:41:07 +0000"
    },
    "done": true
  },
  "endrem:main/old_eye": {
    "criteria": {
      "old_eye": "2024-09-03 07:44:05 +0000"
    },
    "done": true
  },
  "endrem:main/cursed_eye": {
    "criteria": {
      "cursed_eye": "2024-09-03 07:44:06 +0000"
    },
    "done": true
  },
  "endrem:main/rogue_eye": {
    "criteria": {
      "rogue_eye": "2024-09-03 07:44:08 +0000"
    },
    "done": true
  },
  "endrem:main/evil_eye": {
    "criteria": {
      "evil_eye": "2024-09-03 07:44:09 +0000"
    },
    "done": true
  },
  "endrem:main/undead_eye": {
    "criteria": {
      "undead_eye": "2024-09-03 07:44:42 +0000"
    },
    "done": true
  },
  "alexscaves:alexscaves/discover_forlorn_hollows": {
    "criteria": {
      "discover": "2024-09-03 07:47:29 +0000"
    },
    "done": true
  },
  "endrem:main/guardian_eye": {
    "criteria": {
      "guardian_eye": "2024-09-03 07:53:26 +0000"
    },
    "done": true
  },
  "endrem:main/wither_eye": {
    "criteria": {
      "wither_eye": "2024-09-03 07:53:28 +0000"
    },
    "done": true
  },
  "minecraft:end/root": {
    "criteria": {
      "entered_end": "2024-09-03 08:03:14 +0000"
    },
    "done": true
  },
  "minecraft:story/enter_the_end": {
    "criteria": {
      "entered_end": "2024-09-03 08:03:14 +0000"
    },
    "done": true
  },
  "minecraft:end/kill_dragon": {
    "criteria": {
      "killed_dragon": "2024-09-03 08:16:20 +0000"
    },
    "done": true
  },
  "minecraft:nether/brew_potion": {
    "criteria": {
      "potion": "2024-09-03 08:21:10 +0000"
    },
    "done": true
  },
  "dungeons_arise:find_bathhouse": {
    "criteria": {
      "location0": "2024-09-03 08:42:56 +0000"
    },
    "done": true
  },
  "aether:enter_aether": {
    "criteria": {
      "enter_aether": "2024-09-03 08:26:47 +0000"
    },
    "done": true
  },
  "minecraft:end/find_end_city": {
    "criteria": {
      "in_city": "2024-09-03 08:20:37 +0000"
    },
    "done": true
  },
  "minecraft:end/enter_end_gateway": {
    "criteria": {
      "entered_end_gateway": "2024-09-03 08:16:55 +0000"
    },
    "done": true
  },
  "minecraft:story/smelt_iron": {
    "criteria": {
      "iron": "2024-09-03 08:20:57 +0000"
    },
    "done": true
  },
  "tombstone:adventure/use_aquatic_life": {
    "criteria": {
      "has_magic_scroll": "2024-09-03 08:23:29 +0000"
    },
    "done": true
  },
  "nullscape:root": {
    "criteria": {
      "nullscape:shadowlands": "2024-09-03 08:19:41 +0000"
    },
    "done": true
  },
  "artifacts:amateur_archaeologist": {
    "criteria": {
      "find_artifact": "2024-09-03 08:29:47 +0000"
    },
    "done": true
  },
  "tombstone:adventure/mutual_aid": {
    "criteria": {
      "coded_trigger": "2024-09-03 08:23:29 +0000"
    },
    "done": true
  },
  "aether:read_lore": {
    "criteria": {
      "lore_book_entry": "2024-09-03 08:27:45 +0000"
    },
    "done": true
  },
  "aether:the_aether": {
    "criteria": {
      "the_aether": "2024-09-03 08:26:47 +0000"
    },
    "done": true
  },
  "DataVersion": 3465
}